ID,user_id,item_id
169,169,"40015,55579,17701,43747,37458,52742,55435,32894,28340,33777"
530,530,"40015,55579,17701,43747,37458,52742,55435,32894,28340,33777"
596,596,"40015,55579,17701,43747,37458,52742,55435,32894,28340,33777"
622,622,"40015,55579,17701,43747,37458,52742,55435,32894,28340,33777"
1047,1047,"40015,55579,17701,43747,37458,52742,55435,32894,28340,33777"
1275,1275,"40015,55579,17701,43747,37458,52742,55435,32894,28340,33777"
2399,2399,"40015,55579,17701,43747,37458,52742,55435,32894,28340,33777"
2912,2912,"40015,55579,17701,43747,37458,52742,55435,32894,28340,33777"
4269,4269,"40015,55579,17701,43747,37458,52742,55435,32894,28340,33777"
4313,4313,"40015,55579,17701,43747,37458,52742,55435,32894,28340,33777"
4433,4433,"40015,55579,17701,43747,37458,52742,55435,32894,28340,33777"
5125,5125,"40015,55579,17701,43747,37458,52742,55435,32894,28340,33777"
5520,5520,"40015,55579,17701,43747,37458,52742,55435,32894,28340,33777"
5728,5728,"40015,55579,17701,43747,37458,52742,55435,32894,28340,33777"
5744,5744,"40015,55579,17701,43747,37458,52742,55435,32894,28340,33777"
6675,6675,"40015,55579,17701,43747,37458,52742,55435,32894,28340,33777"
6828,6828,"40015,55579,17701,43747,37458,52742,55435,32894,28340,33777"
7015,7015,"40015,55579,17701,43747,37458,52742,55435,32894,28340,33777"
7113,7113,"40015,55579,17701,43747,37458,52742,55435,32894,28340,33777"
7886,7886,"40015,55579,17701,43747,37458,52742,55435,32894,28340,33777"
7959,7959,"40015,55579,17701,43747,37458,52742,55435,32894,28340,33777"
8196,8196,"40015,55579,17701,43747,37458,52742,55435,32894,28340,33777"
10816,10816,"40015,55579,17701,43747,37458,52742,55435,32894,28340,33777"
10875,10875,"40015,55579,17701,43747,37458,52742,55435,32894,28340,33777"
11204,11204,"40015,55579,17701,43747,37458,52742,55435,32894,28340,33777"
11340,11340,"40015,55579,17701,43747,37458,52742,55435,32894,28340,33777"
11442,11442,"40015,47293,60231,49543,28003,47834,49878,58113,20722,15102"
12464,12464,"40015,55579,17701,43747,37458,52742,55435,32894,28340,33777"
12495,12495,"40015,55579,17701,43747,37458,52742,55435,32894,28340,33777"
12616,12616,"40015,55579,17701,43747,37458,52742,55435,32894,28340,33777"
12757,12757,"40015,55579,17701,43747,37458,52742,55435,32894,28340,33777"
12882,12882,"7193,11809,51084,49720,25501,11679,64151,19848,17164,28877"
12941,12941,"40015,55579,17701,43747,37458,52742,55435,32894,28340,33777"
13158,13158,"40015,55579,17701,43747,37458,52742,55435,32894,28340,33777"
13169,13169,"40015,55579,17701,43747,37458,52742,55435,32894,28340,33777"
13248,13248,"40015,55579,17701,43747,37458,52742,55435,32894,28340,33777"
13406,13406,"40015,55579,17701,43747,37458,52742,55435,32894,28340,33777"
13765,13765,"40015,55579,17701,43747,37458,52742,55435,32894,28340,33777"
13816,13816,"40015,55579,17701,43747,37458,52742,55435,32894,28340,33777"
14599,14599,"40015,55579,17701,43747,37458,52742,55435,32894,28340,33777"
14793,14793,"40015,55579,17701,43747,37458,52742,55435,32894,28340,33777"
15193,15193,"40015,55579,17701,43747,37458,52742,55435,32894,28340,33777"
15259,15259,"40015,55579,17701,43747,37458,52742,55435,32894,28340,33777"
15595,15595,"40015,55579,17701,43747,37458,52742,55435,32894,28340,33777"
15866,15866,"40015,55579,17701,43747,37458,52742,55435,32894,28340,33777"
16484,16484,"40015,55579,17701,43747,37458,52742,55435,32894,28340,33777"
16707,16707,"5937,6182,64742,29258,25581,3453,48112,6437,58463,21817"
16918,16918,"40015,55579,17701,43747,37458,52742,55435,32894,28340,33777"
17682,17682,"40015,55579,17701,43747,37458,52742,55435,32894,28340,33777"
18615,18615,"40015,55579,17701,43747,37458,52742,55435,32894,28340,33777"
18644,18644,"40015,55579,17701,43747,37458,52742,55435,32894,28340,33777"
18718,18718,"40015,55579,17701,43747,37458,52742,55435,32894,28340,33777"
19391,19391,"40015,55579,17701,43747,37458,52742,55435,32894,28340,33777"
20183,20183,"13713,4872,18558,48648,20665,6164,2425,31605,12280,32519"
20244,20244,"40015,55579,17701,43747,37458,52742,55435,32894,28340,33777"
20267,20267,"40015,55579,17701,43747,37458,52742,55435,32894,28340,33777"
20747,20747,"40015,55579,17701,43747,37458,52742,55435,32894,28340,33777"
20879,20879,"40015,55579,17701,43747,37458,52742,55435,32894,28340,33777"
21424,21424,"40015,55579,17701,43747,37458,52742,55435,32894,28340,33777"
22241,22241,"40015,55579,17701,43747,37458,52742,55435,32894,28340,33777"
22450,22450,"40015,55579,17701,43747,37458,52742,55435,32894,28340,33777"
22960,22960,"40015,55579,17701,43747,37458,52742,55435,32894,28340,33777"
23855,23855,"40015,55579,17701,43747,37458,52742,55435,32894,28340,33777"
24060,24060,"40015,55579,17701,43747,37458,52742,55435,32894,28340,33777"
24166,24166,"40015,55579,17701,43747,37458,52742,55435,32894,28340,33777"
24203,24203,"40015,55579,17701,43747,37458,52742,55435,32894,28340,33777"
25297,25297,"40015,55579,17701,43747,37458,52742,55435,32894,28340,33777"
25430,25430,"40015,55579,17701,43747,37458,52742,55435,32894,28340,33777"
25473,25473,"40015,55579,17701,43747,37458,52742,55435,32894,28340,33777"
25481,25481,"40015,55579,17701,43747,37458,52742,55435,32894,28340,33777"
26076,26076,"40015,55579,17701,43747,37458,52742,55435,32894,28340,33777"
26618,26618,"40015,55579,17701,43747,37458,52742,55435,32894,28340,33777"
27497,27497,"40015,55579,17701,43747,37458,52742,55435,32894,28340,33777"
27523,27523,"40015,55579,17701,43747,37458,52742,55435,32894,28340,33777"
27792,27792,"18396,20266,8077,24418,50263,10481,19047,15704,30368,1240"
27818,27818,"40015,55579,17701,43747,37458,52742,55435,32894,28340,33777"
28339,28339,"40015,55579,17701,43747,37458,52742,55435,32894,28340,33777"
28361,28361,"40015,55579,17701,43747,37458,52742,55435,32894,28340,33777"
29324,29324,"40015,55579,17701,43747,37458,52742,55435,32894,28340,33777"
29488,29488,"40015,55579,17701,43747,37458,52742,55435,32894,28340,33777"
29703,29703,"40015,55579,17701,43747,37458,52742,55435,32894,28340,33777"
29836,29836,"40015,55579,17701,43747,37458,52742,55435,32894,28340,33777"
30171,30171,"40015,55579,17701,43747,37458,52742,55435,32894,28340,33777"
30192,30192,"40015,55579,17701,43747,37458,52742,55435,32894,28340,33777"
30194,30194,"40015,55579,17701,43747,37458,52742,55435,32894,28340,33777"
30227,30227,"40015,55579,17701,43747,37458,52742,55435,32894,28340,33777"
30649,30649,"40015,55579,17701,43747,37458,52742,55435,32894,28340,33777"
30946,30946,"40015,55579,17701,43747,37458,52742,55435,32894,28340,33777"
31904,31904,"40015,55579,17701,43747,37458,52742,55435,32894,28340,33777"
32207,32207,"40015,55579,17701,43747,37458,52742,55435,32894,28340,33777"
32298,32298,"40015,55579,17701,43747,37458,52742,55435,32894,28340,33777"
32814,32814,"40015,55579,17701,43747,37458,52742,55435,32894,28340,33777"
32876,32876,"40015,55579,17701,43747,37458,52742,55435,32894,28340,33777"
33092,33092,"40015,55579,17701,43747,37458,52742,55435,32894,28340,33777"
33481,33481,"40015,55579,17701,43747,37458,52742,55435,32894,28340,33777"
33585,33585,"40015,55579,17701,43747,37458,52742,55435,32894,28340,33777"
33684,33684,"40015,55579,17701,43747,37458,52742,55435,32894,28340,33777"
33871,33871,"40015,55579,17701,43747,37458,52742,55435,32894,28340,33777"
34684,34684,"40015,55579,17701,43747,37458,52742,55435,32894,28340,33777"
34691,34691,"40015,55579,17701,43747,37458,52742,55435,32894,28340,33777"
35126,35126,"40015,55579,17701,43747,37458,52742,55435,32894,28340,33777"
35197,35197,"40015,55579,17701,43747,37458,52742,55435,32894,28340,33777"
35578,35578,"40015,55579,17701,43747,37458,52742,55435,32894,28340,33777"
36314,36314,"40015,55579,17701,43747,37458,52742,55435,32894,28340,33777"
36783,36783,"40015,55579,17701,43747,37458,52742,55435,32894,28340,33777"
36794,36794,"40015,55579,17701,43747,37458,52742,55435,32894,28340,33777"
37959,37959,"40015,55579,17701,43747,37458,52742,55435,32894,28340,33777"
38579,38579,"40015,55579,17701,43747,37458,52742,55435,32894,28340,33777"
38796,38796,"40015,55579,17701,43747,37458,52742,55435,32894,28340,33777"
38887,38887,"40015,55579,17701,43747,37458,52742,55435,32894,28340,33777"
38973,38973,"40015,55579,17701,43747,37458,52742,55435,32894,28340,33777"
39020,39020,"40015,55579,17701,43747,37458,52742,55435,32894,28340,33777"
39239,39239,"40015,55579,17701,43747,37458,52742,55435,32894,28340,33777"
40282,40282,"40015,55579,17701,43747,37458,52742,55435,32894,28340,33777"
40845,40845,"40015,55579,17701,43747,37458,52742,55435,32894,28340,33777"
41667,41667,"40015,55579,17701,43747,37458,52742,55435,32894,28340,33777"
42019,42019,"33167,9567,23315,48756,48588,13412,33452,856,50107,3589"
42214,42214,"40015,55579,17701,43747,37458,52742,55435,32894,28340,33777"
43483,43483,"40015,55579,17701,43747,37458,52742,55435,32894,28340,33777"
43789,43789,"40015,55579,17701,43747,37458,52742,55435,32894,28340,33777"
43867,43867,"40015,55579,17701,43747,37458,52742,55435,32894,28340,33777"
43937,43937,"40015,55579,17701,43747,37458,52742,55435,32894,28340,33777"
44053,44053,"40015,55579,17701,43747,37458,52742,55435,32894,28340,33777"
44440,44440,"40015,55579,17701,43747,37458,52742,55435,32894,28340,33777"
44441,44441,"40015,55579,17701,43747,37458,52742,55435,32894,28340,33777"
45424,45424,"40015,55579,17701,43747,37458,52742,55435,32894,28340,33777"
45576,45576,"40015,55579,17701,43747,37458,52742,55435,32894,28340,33777"
45834,45834,"40015,55579,17701,43747,37458,52742,55435,32894,28340,33777"
46585,46585,"40015,55579,17701,43747,37458,52742,55435,32894,28340,33777"
46609,46609,"40015,55579,17701,43747,37458,52742,55435,32894,28340,33777"
46965,46965,"40015,55579,17701,43747,37458,52742,55435,32894,28340,33777"
47013,47013,"40015,55579,17701,43747,37458,52742,55435,32894,28340,33777"
47189,47189,"40015,55579,17701,43747,37458,52742,55435,32894,28340,33777"
47361,47361,"40015,55579,17701,43747,37458,52742,55435,32894,28340,33777"
47441,47441,"52946,17701,31605,49122,34921,3949,24591,43747,3808,46353"
48360,48360,"40015,55579,17701,43747,37458,52742,55435,32894,28340,33777"
48519,48519,"40015,55579,17701,43747,37458,52742,55435,32894,28340,33777"
48705,48705,"40015,55579,17701,43747,37458,52742,55435,32894,28340,33777"
48870,48870,"40015,55579,17701,43747,37458,52742,55435,32894,28340,33777"
49357,49357,"40015,55579,17701,43747,37458,52742,55435,32894,28340,33777"
50032,50032,"40015,55579,17701,43747,37458,52742,55435,32894,28340,33777"
50523,50523,"40015,55579,17701,43747,37458,52742,55435,32894,28340,33777"
50812,50812,"40015,55579,17701,43747,37458,52742,55435,32894,28340,33777"
51095,51095,"40015,55579,17701,43747,37458,52742,55435,32894,28340,33777"
51121,51121,"40015,55579,17701,43747,37458,52742,55435,32894,28340,33777"
51216,51216,"40015,55579,17701,43747,37458,52742,55435,32894,28340,33777"
52111,52111,"26581,32273,242,13360,60912,32939,48411,58870,14249,43656"
52790,52790,"40015,55579,17701,43747,37458,52742,55435,32894,28340,33777"
53114,53114,"40015,55579,17701,43747,37458,52742,55435,32894,28340,33777"
53617,53617,"40015,55579,17701,43747,37458,52742,55435,32894,28340,33777"
53903,53903,"40015,55579,17701,43747,37458,52742,55435,32894,28340,33777"
53937,53937,"40015,55579,17701,43747,37458,52742,55435,32894,28340,33777"
54306,54306,"40015,55579,17701,43747,37458,52742,55435,32894,28340,33777"
55378,55378,"40015,55579,17701,43747,37458,52742,55435,32894,28340,33777"
55871,55871,"40015,55579,17701,43747,37458,52742,55435,32894,28340,33777"
55890,55890,"40015,55579,17701,43747,37458,52742,55435,32894,28340,33777"
56080,56080,"40015,55579,17701,43747,37458,52742,55435,32894,28340,33777"
56175,56175,"40015,55579,17701,43747,37458,52742,55435,32894,28340,33777"
56194,56194,"40015,55579,17701,43747,37458,52742,55435,32894,28340,33777"
56930,56930,"40015,55579,17701,43747,37458,52742,55435,32894,28340,33777"
57702,57702,"40015,55579,17701,43747,37458,52742,55435,32894,28340,33777"
57774,57774,"40015,55579,17701,43747,37458,52742,55435,32894,28340,33777"
57807,57807,"40015,55579,17701,43747,37458,52742,55435,32894,28340,33777"
58315,58315,"13360,60063,20266,28340,48756,30111,49737,63052,43747,29063"
58832,58832,"40015,55579,17701,43747,37458,52742,55435,32894,28340,33777"
59053,59053,"40015,55579,17701,43747,37458,52742,55435,32894,28340,33777"
59055,59055,"40015,55579,17701,43747,37458,52742,55435,32894,28340,33777"
59299,59299,"32273,48411,55579,20137,14249,60863,26581,61545,38213,20275"
59570,59570,"40015,55579,17701,43747,37458,52742,55435,32894,28340,33777"
59689,59689,"40015,55579,17701,43747,37458,52742,55435,32894,28340,33777"
59906,59906,"40015,55579,17701,43747,37458,52742,55435,32894,28340,33777"
60819,60819,"40015,55579,17701,43747,37458,52742,55435,32894,28340,33777"
61061,61061,"40015,55579,17701,43747,37458,52742,55435,32894,28340,33777"
62537,62537,"40015,55579,17701,43747,37458,52742,55435,32894,28340,33777"
62583,62583,"40015,55579,17701,43747,37458,52742,55435,32894,28340,33777"
62743,62743,"242,42580,14450,32935,12999,2589,44215,43747,52742,26286"
63288,63288,"40015,55579,17701,43747,37458,52742,55435,32894,28340,33777"
63452,63452,"40015,55579,17701,43747,37458,52742,55435,32894,28340,33777"
63647,63647,"40015,55579,17701,43747,37458,52742,55435,32894,28340,33777"
63810,63810,"40015,55579,17701,43747,37458,52742,55435,32894,28340,33777"
63881,63881,"40015,55579,17701,43747,37458,52742,55435,32894,28340,33777"
64107,64107,"40015,55579,17701,43747,37458,52742,55435,32894,28340,33777"
64272,64272,"19633,20275,49884,55579,19871,13960,39432,26581,54820,45202"
64839,64839,"40015,55579,17701,43747,37458,52742,55435,32894,28340,33777"
64962,64962,"40015,55579,17701,43747,37458,52742,55435,32894,28340,33777"
65272,65272,"40015,55579,17701,43747,37458,52742,55435,32894,28340,33777"
65350,65350,"40015,55579,17701,43747,37458,52742,55435,32894,28340,33777"
65566,65566,"40015,55579,17701,43747,37458,52742,55435,32894,28340,33777"
65702,65702,"40015,55579,17701,43747,37458,52742,55435,32894,28340,33777"
66404,66404,"40015,55579,17701,43747,37458,52742,55435,32894,28340,33777"
67454,67454,"40015,55579,17701,43747,37458,52742,55435,32894,28340,33777"
67819,67819,"40015,55579,17701,43747,37458,52742,55435,32894,28340,33777"
67980,67980,"40015,55579,17701,43747,37458,52742,55435,32894,28340,33777"
68217,68217,"40015,55579,17701,43747,37458,52742,55435,32894,28340,33777"
68768,68768,"40015,55579,17701,43747,37458,52742,55435,32894,28340,33777"
70295,70295,"40015,55579,17701,43747,37458,52742,55435,32894,28340,33777"
70545,70545,"40015,55579,17701,43747,37458,52742,55435,32894,28340,33777"
70722,70722,"40015,55579,17701,43747,37458,52742,55435,32894,28340,33777"
70876,70876,"40015,55579,17701,43747,37458,52742,55435,32894,28340,33777"
71302,71302,"40015,55579,17701,43747,37458,52742,55435,32894,28340,33777"
71715,71715,"40015,55579,17701,43747,37458,52742,55435,32894,28340,33777"
72058,72058,"40015,55579,17701,43747,37458,52742,55435,32894,28340,33777"
72169,72169,"40015,55579,17701,43747,37458,52742,55435,32894,28340,33777"
72919,72919,"40015,55579,17701,43747,37458,52742,55435,32894,28340,33777"
73781,73781,"40015,55579,17701,43747,37458,52742,55435,32894,28340,33777"
73843,73843,"40015,55579,17701,43747,37458,52742,55435,32894,28340,33777"
74190,74190,"40015,55579,17701,43747,37458,52742,55435,32894,28340,33777"
74394,74394,"40015,55579,17701,43747,37458,52742,55435,32894,28340,33777"
74489,74489,"40015,55579,17701,43747,37458,52742,55435,32894,28340,33777"
74734,74734,"40015,55579,17701,43747,37458,52742,55435,32894,28340,33777"
74882,74882,"40015,55579,17701,43747,37458,52742,55435,32894,28340,33777"
75017,75017,"40015,55579,17701,43747,37458,52742,55435,32894,28340,33777"
75151,75151,"40015,55579,17701,43747,37458,52742,55435,32894,28340,33777"
75257,75257,"40015,55579,17701,43747,37458,52742,55435,32894,28340,33777"
75471,75471,"40015,55579,17701,43747,37458,52742,55435,32894,28340,33777"
75523,75523,"40015,55579,17701,43747,37458,52742,55435,32894,28340,33777"
76327,76327,"42244,15892,13409,41565,2434,60240,52443,28773,16670,4134"
76842,76842,"40015,55579,17701,43747,37458,52742,55435,32894,28340,33777"
77042,77042,"40015,55579,17701,43747,37458,52742,55435,32894,28340,33777"
77194,77194,"40015,55579,17701,43747,37458,52742,55435,32894,28340,33777"
77672,77672,"40015,55579,17701,43747,37458,52742,55435,32894,28340,33777"
78770,78770,"40015,55579,17701,43747,37458,52742,55435,32894,28340,33777"
78989,78989,"28340,12468,64151,14347,42923,39423,21025,64641,19679,10929"
80655,80655,"40015,55579,17701,43747,37458,52742,55435,32894,28340,33777"
80799,80799,"40015,55579,17701,43747,37458,52742,55435,32894,28340,33777"
80834,80834,"40015,55579,17701,43747,37458,52742,55435,32894,28340,33777"
80914,80914,"40015,55579,17701,43747,37458,52742,55435,32894,28340,33777"
80926,80926,"7944,49486,43747,2182,1458,43846,28578,7544,55877,7114"
80954,80954,"40015,55579,17701,43747,37458,52742,55435,32894,28340,33777"
80968,80968,"9567,49780,40015,34306,63844,33418,8408,25608,35761,33167"
81268,81268,"40015,55579,17701,43747,37458,52742,55435,32894,28340,33777"
81867,81867,"40015,55579,17701,43747,37458,52742,55435,32894,28340,33777"
83207,83207,"40015,55579,17701,43747,37458,52742,55435,32894,28340,33777"
83870,83870,"40015,55579,17701,43747,37458,52742,55435,32894,28340,33777"
84235,84235,"40015,55579,17701,43747,37458,52742,55435,32894,28340,33777"
84455,84455,"40015,55579,17701,43747,37458,52742,55435,32894,28340,33777"
84469,84469,"40015,55579,17701,43747,37458,52742,55435,32894,28340,33777"
84855,84855,"40015,55579,17701,43747,37458,52742,55435,32894,28340,33777"
84892,84892,"40015,55579,17701,43747,37458,52742,55435,32894,28340,33777"
85074,85074,"40015,55579,17701,43747,37458,52742,55435,32894,28340,33777"
85354,85354,"40015,55579,17701,43747,37458,52742,55435,32894,28340,33777"
85503,85503,"40015,55579,17701,43747,37458,52742,55435,32894,28340,33777"
85889,85889,"40015,55579,17701,43747,37458,52742,55435,32894,28340,33777"
86334,86334,"40015,55579,17701,43747,37458,52742,55435,32894,28340,33777"
88113,88113,"40015,55579,17701,43747,37458,52742,55435,32894,28340,33777"
88213,88213,"40015,55579,17701,43747,37458,52742,55435,32894,28340,33777"
88386,88386,"40015,55579,17701,43747,37458,52742,55435,32894,28340,33777"
88509,88509,"40015,55579,17701,43747,37458,52742,55435,32894,28340,33777"
88578,88578,"45707,55397,14450,24264,19911,50123,36041,27572,48682,48756"
88682,88682,"40015,55579,17701,43747,37458,52742,55435,32894,28340,33777"
89371,89371,"40015,55579,17701,43747,37458,52742,55435,32894,28340,33777"
89708,89708,"40015,55579,17701,43747,37458,52742,55435,32894,28340,33777"
89877,89877,"40015,55579,17701,43747,37458,52742,55435,32894,28340,33777"
90048,90048,"40015,55579,17701,43747,37458,52742,55435,32894,28340,33777"
91154,91154,"40015,55579,17701,43747,37458,52742,55435,32894,28340,33777"
91400,91400,"40015,55579,17701,43747,37458,52742,55435,32894,28340,33777"
91432,91432,"40015,55579,17701,43747,37458,52742,55435,32894,28340,33777"
91812,91812,"40015,55579,17701,43747,37458,52742,55435,32894,28340,33777"
92344,92344,"40015,55579,17701,43747,37458,52742,55435,32894,28340,33777"
92626,92626,"40015,55579,17701,43747,37458,52742,55435,32894,28340,33777"
92779,92779,"40015,55579,17701,43747,37458,52742,55435,32894,28340,33777"
93357,93357,"40015,55579,17701,43747,37458,52742,55435,32894,28340,33777"
94005,94005,"40015,55579,17701,43747,37458,52742,55435,32894,28340,33777"
94818,94818,"36566,1073,31315,39563,44264,20266,64928,34751,50107,49122"
94855,94855,"40015,55579,17701,43747,37458,52742,55435,32894,28340,33777"
95142,95142,"40015,55579,17701,43747,37458,52742,55435,32894,28340,33777"
96660,96660,"40015,55579,17701,43747,37458,52742,55435,32894,28340,33777"
97284,97284,"40015,55579,17701,43747,37458,52742,55435,32894,28340,33777"
97751,97751,"40015,55579,17701,43747,37458,52742,55435,32894,28340,33777"
98021,98021,"40015,55579,17701,43747,37458,52742,55435,32894,28340,33777"
98134,98134,"40015,55579,17701,43747,37458,52742,55435,32894,28340,33777"
98219,98219,"40015,55579,17701,43747,37458,52742,55435,32894,28340,33777"
98309,98309,"48756,27473,24990,46353,49122,23889,15704,53123,45721,58669"
98390,98390,"40015,55579,17701,43747,37458,52742,55435,32894,28340,33777"
98636,98636,"43043,48074,1159,13409,38213,49737,63844,32718,37213,1309"
98908,98908,"40015,55579,17701,43747,37458,52742,55435,32894,28340,33777"
99154,99154,"40015,55579,17701,43747,37458,52742,55435,32894,28340,33777"
99183,99183,"30368,4872,50250,26447,20266,63315,49319,10674,59021,30821"
99571,99571,"40015,55579,17701,43747,37458,52742,55435,32894,28340,33777"
100080,100080,"40015,55579,17701,43747,37458,52742,55435,32894,28340,33777"
100618,100618,"40015,55579,17701,43747,37458,52742,55435,32894,28340,33777"
100818,100818,"40015,55579,17701,43747,37458,52742,55435,32894,28340,33777"
101349,101349,"40015,55579,17701,43747,37458,52742,55435,32894,28340,33777"
101532,101532,"40015,55579,17701,43747,37458,52742,55435,32894,28340,33777"
101930,101930,"40015,55579,17701,43747,37458,52742,55435,32894,28340,33777"
102104,102104,"40015,55579,17701,43747,37458,52742,55435,32894,28340,33777"
102348,102348,"40015,55579,17701,43747,37458,52742,55435,32894,28340,33777"
102429,102429,"40015,55579,17701,43747,37458,52742,55435,32894,28340,33777"
102474,102474,"40015,55579,17701,43747,37458,52742,55435,32894,28340,33777"
102537,102537,"40015,55579,17701,43747,37458,52742,55435,32894,28340,33777"
103711,103711,"40015,55579,17701,43747,37458,52742,55435,32894,28340,33777"
104296,104296,"40015,55579,17701,43747,37458,52742,55435,32894,28340,33777"
104453,104453,"40015,55579,17701,43747,37458,52742,55435,32894,28340,33777"
104839,104839,"40015,55579,17701,43747,37458,52742,55435,32894,28340,33777"
105141,105141,"40015,55579,17701,43747,37458,52742,55435,32894,28340,33777"
105842,105842,"40015,55579,17701,43747,37458,52742,55435,32894,28340,33777"
106123,106123,"40015,55579,17701,43747,37458,52742,55435,32894,28340,33777"
106970,106970,"40015,55579,17701,43747,37458,52742,55435,32894,28340,33777"
107046,107046,"40015,55579,17701,43747,37458,52742,55435,32894,28340,33777"
107652,107652,"40015,55579,17701,43747,37458,52742,55435,32894,28340,33777"
108273,108273,"40015,55579,17701,43747,37458,52742,55435,32894,28340,33777"
110248,110248,"40015,55579,17701,43747,37458,52742,55435,32894,28340,33777"
110795,110795,"40015,55579,17701,43747,37458,52742,55435,32894,28340,33777"
111479,111479,"40015,55579,17701,43747,37458,52742,55435,32894,28340,33777"
111654,111654,"40015,55579,17701,43747,37458,52742,55435,32894,28340,33777"
111722,111722,"40015,55579,17701,43747,37458,52742,55435,32894,28340,33777"
111790,111790,"40015,55579,17701,43747,37458,52742,55435,32894,28340,33777"
111837,111837,"40015,55579,17701,43747,37458,52742,55435,32894,28340,33777"
113994,113994,"40015,55579,17701,43747,37458,52742,55435,32894,28340,33777"
114390,114390,"40015,55579,17701,43747,37458,52742,55435,32894,28340,33777"
114710,114710,"40015,55579,17701,43747,37458,52742,55435,32894,28340,33777"
115118,115118,"40015,55579,17701,43747,37458,52742,55435,32894,28340,33777"
115383,115383,"18558,63403,19633,64253,32939,48644,6348,63052,63492,32261"
115632,115632,"40015,55579,17701,43747,37458,52742,55435,32894,28340,33777"
116097,116097,"40015,55579,17701,43747,37458,52742,55435,32894,28340,33777"
116376,116376,"40015,55579,17701,43747,37458,52742,55435,32894,28340,33777"
116877,116877,"40015,55579,17701,43747,37458,52742,55435,32894,28340,33777"
117701,117701,"40015,55579,17701,43747,37458,52742,55435,32894,28340,33777"
117877,117877,"40015,55579,17701,43747,37458,52742,55435,32894,28340,33777"
118306,118306,"40015,55579,17701,43747,37458,52742,55435,32894,28340,33777"
119947,119947,"40015,55579,17701,43747,37458,52742,55435,32894,28340,33777"
120017,120017,"40015,55579,17701,43747,37458,52742,55435,32894,28340,33777"
120921,120921,"40015,55579,17701,43747,37458,52742,55435,32894,28340,33777"
120925,120925,"40015,55579,17701,43747,37458,52742,55435,32894,28340,33777"
121414,121414,"52879,14450,10481,32273,52723,25501,24418,23453,35020,28856"
121713,121713,"40015,63315,22219,7111,12894,12280,4872,32042,484,26581"
121834,121834,"40015,55579,17701,43747,37458,52742,55435,32894,28340,33777"
122563,122563,"40015,55579,17701,43747,37458,52742,55435,32894,28340,33777"
122654,122654,"40015,55579,17701,43747,37458,52742,55435,32894,28340,33777"
122904,122904,"40015,55579,17701,43747,37458,52742,55435,32894,28340,33777"
123506,123506,"40015,55579,17701,43747,37458,52742,55435,32894,28340,33777"
123529,123529,"40015,55579,17701,43747,37458,52742,55435,32894,28340,33777"
123594,123594,"40015,55579,17701,43747,37458,52742,55435,32894,28340,33777"
123741,123741,"7992,55364,56739,40015,3485,45424,27763,41103,27674,39177"
123837,123837,"54508,19871,4872,9638,13901,30821,45202,55444,57160,8167"
124619,124619,"40015,55579,17701,43747,37458,52742,55435,32894,28340,33777"
125374,125374,"40015,55579,17701,43747,37458,52742,55435,32894,28340,33777"
126040,126040,"40015,55579,17701,43747,37458,52742,55435,32894,28340,33777"
126230,126230,"40015,55579,17701,43747,37458,52742,55435,32894,28340,33777"
126384,126384,"40015,55579,17701,43747,37458,52742,55435,32894,28340,33777"
126503,126503,"40015,55579,17701,43747,37458,52742,55435,32894,28340,33777"
126834,126834,"40015,55579,17701,43747,37458,52742,55435,32894,28340,33777"
126953,126953,"40015,55579,17701,43747,37458,52742,55435,32894,28340,33777"
127263,127263,"40015,55579,17701,43747,37458,52742,55435,32894,28340,33777"
127523,127523,"40015,55579,17701,43747,37458,52742,55435,32894,28340,33777"
127603,127603,"40015,55579,17701,43747,37458,52742,55435,32894,28340,33777"
128097,128097,"40015,55579,17701,43747,37458,52742,55435,32894,28340,33777"
128252,128252,"40015,55579,17701,43747,37458,52742,55435,32894,28340,33777"
128342,128342,"40015,55579,17701,43747,37458,52742,55435,32894,28340,33777"
128780,128780,"40015,55579,17701,43747,37458,52742,55435,32894,28340,33777"
129382,129382,"40015,55579,17701,43747,37458,52742,55435,32894,28340,33777"
129407,129407,"40015,55579,17701,43747,37458,52742,55435,32894,28340,33777"
129518,129518,"40015,55579,17701,43747,37458,52742,55435,32894,28340,33777"
129805,129805,"40015,55579,17701,43747,37458,52742,55435,32894,28340,33777"
129984,129984,"40015,55579,17701,43747,37458,52742,55435,32894,28340,33777"
130109,130109,"40015,55579,17701,43747,37458,52742,55435,32894,28340,33777"
130564,130564,"20266,38982,32273,28340,64928,36566,17701,32465,19311,10605"
131209,131209,"40015,55579,17701,43747,37458,52742,55435,32894,28340,33777"
131381,131381,"40015,55579,17701,43747,37458,52742,55435,32894,28340,33777"
131399,131399,"40015,55579,17701,43747,37458,52742,55435,32894,28340,33777"
131420,131420,"40015,55579,17701,43747,37458,52742,55435,32894,28340,33777"
132025,132025,"40015,55579,17701,43747,37458,52742,55435,32894,28340,33777"
132684,132684,"40015,55579,17701,43747,37458,52742,55435,32894,28340,33777"
134137,134137,"40015,55579,17701,43747,37458,52742,55435,32894,28340,33777"
135250,135250,"40015,55579,17701,43747,37458,52742,55435,32894,28340,33777"
136131,136131,"40015,55579,17701,43747,37458,52742,55435,32894,28340,33777"
136184,136184,"40015,55579,17701,43747,37458,52742,55435,32894,28340,33777"
136493,136493,"40015,55579,17701,43747,37458,52742,55435,32894,28340,33777"
137494,137494,"40015,55579,17701,43747,37458,52742,55435,32894,28340,33777"
137608,137608,"40015,55579,17701,43747,37458,52742,55435,32894,28340,33777"
137640,137640,"40015,55579,17701,43747,37458,52742,55435,32894,28340,33777"
138333,138333,"40015,55579,17701,43747,37458,52742,55435,32894,28340,33777"
138391,138391,"40015,55579,17701,43747,37458,52742,55435,32894,28340,33777"
140375,140375,"40015,55579,17701,43747,37458,52742,55435,32894,28340,33777"
140415,140415,"40015,55579,17701,43747,37458,52742,55435,32894,28340,33777"
140441,140441,"40015,55579,17701,43747,37458,52742,55435,32894,28340,33777"
140729,140729,"40015,55579,17701,43747,37458,52742,55435,32894,28340,33777"
140953,140953,"40015,55579,17701,43747,37458,52742,55435,32894,28340,33777"
141278,141278,"40015,55579,17701,43747,37458,52742,55435,32894,28340,33777"
141580,141580,"40015,55579,17701,43747,37458,52742,55435,32894,28340,33777"
141666,141666,"40015,55579,17701,43747,37458,52742,55435,32894,28340,33777"
141804,141804,"40015,55579,17701,43747,37458,52742,55435,32894,28340,33777"
141979,141979,"40015,55579,17701,43747,37458,52742,55435,32894,28340,33777"
142189,142189,"40015,55579,17701,43747,37458,52742,55435,32894,28340,33777"
144165,144165,"40015,55579,17701,43747,37458,52742,55435,32894,28340,33777"
144455,144455,"40015,55579,17701,43747,37458,52742,55435,32894,28340,33777"
144858,144858,"40015,55579,17701,43747,37458,52742,55435,32894,28340,33777"
145267,145267,"40015,55579,17701,43747,37458,52742,55435,32894,28340,33777"
145446,145446,"40015,55579,17701,43747,37458,52742,55435,32894,28340,33777"
145492,145492,"40015,55579,17701,43747,37458,52742,55435,32894,28340,33777"
146338,146338,"40015,55579,17701,43747,37458,52742,55435,32894,28340,33777"
146611,146611,"40015,55579,17701,43747,37458,52742,55435,32894,28340,33777"
147295,147295,"40015,55579,17701,43747,37458,52742,55435,32894,28340,33777"
147486,147486,"40015,55579,17701,43747,37458,52742,55435,32894,28340,33777"
147835,147835,"40015,55579,17701,43747,37458,52742,55435,32894,28340,33777"
147904,147904,"40015,55579,17701,43747,37458,52742,55435,32894,28340,33777"
148048,148048,"40015,55579,17701,43747,37458,52742,55435,32894,28340,33777"
148208,148208,"64820,7193,53588,3426,55579,49737,32465,10929,1582,21594"
148415,148415,"40015,55579,17701,43747,37458,52742,55435,32894,28340,33777"
149673,149673,"40015,55579,17701,43747,37458,52742,55435,32894,28340,33777"
149731,149731,"40015,55579,17701,43747,37458,52742,55435,32894,28340,33777"
149837,149837,"40015,55579,17701,43747,37458,52742,55435,32894,28340,33777"
149937,149937,"40015,55579,17701,43747,37458,52742,55435,32894,28340,33777"
150163,150163,"40015,55579,17701,43747,37458,52742,55435,32894,28340,33777"
150503,150503,"40015,55579,17701,43747,37458,52742,55435,32894,28340,33777"
150636,150636,"40015,55579,17701,43747,37458,52742,55435,32894,28340,33777"
150789,150789,"40015,55579,17701,43747,37458,52742,55435,32894,28340,33777"
151231,151231,"40015,55579,17701,43747,37458,52742,55435,32894,28340,33777"
152241,152241,"40015,55579,17701,43747,37458,52742,55435,32894,28340,33777"
152937,152937,"40015,55579,17701,43747,37458,52742,55435,32894,28340,33777"
153074,153074,"40015,55579,17701,43747,37458,52742,55435,32894,28340,33777"
153464,153464,"40015,55579,17701,43747,37458,52742,55435,32894,28340,33777"
153963,153963,"40015,55579,17701,43747,37458,52742,55435,32894,28340,33777"
154068,154068,"40015,55579,17701,43747,37458,52742,55435,32894,28340,33777"
154092,154092,"40015,55579,17701,43747,37458,52742,55435,32894,28340,33777"
154424,154424,"40015,55579,17701,43747,37458,52742,55435,32894,28340,33777"
154464,154464,"40015,55579,17701,43747,37458,52742,55435,32894,28340,33777"
154531,154531,"40015,55579,17701,43747,37458,52742,55435,32894,28340,33777"
154764,154764,"40015,55579,17701,43747,37458,52742,55435,32894,28340,33777"
155716,155716,"40015,55579,17701,43747,37458,52742,55435,32894,28340,33777"
155869,155869,"40015,55579,17701,43747,37458,52742,55435,32894,28340,33777"
157009,157009,"40015,55579,17701,43747,37458,52742,55435,32894,28340,33777"
157274,157274,"40015,55579,17701,43747,37458,52742,55435,32894,28340,33777"
157287,157287,"40015,55579,17701,43747,37458,52742,55435,32894,28340,33777"
158254,158254,"14517,43747,18558,28671,3453,63052,9638,8412,39387,12443"
158381,158381,"40015,55579,17701,43747,37458,52742,55435,32894,28340,33777"
158502,158502,"40015,55579,17701,43747,37458,52742,55435,32894,28340,33777"
158839,158839,"40015,55579,17701,43747,37458,52742,55435,32894,28340,33777"
159201,159201,"40015,55579,17701,43747,37458,52742,55435,32894,28340,33777"
160102,160102,"40015,55579,17701,43747,37458,52742,55435,32894,28340,33777"
160110,160110,"40015,55579,17701,43747,37458,52742,55435,32894,28340,33777"
160922,160922,"40015,55579,17701,43747,37458,52742,55435,32894,28340,33777"
160952,160952,"40015,55579,17701,43747,37458,52742,55435,32894,28340,33777"
161782,161782,"40015,55579,17701,43747,37458,52742,55435,32894,28340,33777"
161860,161860,"40015,55579,17701,43747,37458,52742,55435,32894,28340,33777"
162151,162151,"40015,55579,17701,43747,37458,52742,55435,32894,28340,33777"
162152,162152,"40015,55579,17701,43747,37458,52742,55435,32894,28340,33777"
162225,162225,"40015,55579,17701,43747,37458,52742,55435,32894,28340,33777"
162244,162244,"40015,55579,17701,43747,37458,52742,55435,32894,28340,33777"
163919,163919,"40015,55579,17701,43747,37458,52742,55435,32894,28340,33777"
164241,164241,"40015,55579,17701,43747,37458,52742,55435,32894,28340,33777"
164804,164804,"40015,55579,17701,43747,37458,52742,55435,32894,28340,33777"
165482,165482,"40015,55579,17701,43747,37458,52742,55435,32894,28340,33777"
165793,165793,"40015,55579,17701,43747,37458,52742,55435,32894,28340,33777"
166285,166285,"40015,55579,17701,43747,37458,52742,55435,32894,28340,33777"
166567,166567,"40015,55579,17701,43747,37458,52742,55435,32894,28340,33777"
166704,166704,"40015,55579,17701,43747,37458,52742,55435,32894,28340,33777"
166797,166797,"40015,55579,17701,43747,37458,52742,55435,32894,28340,33777"
167577,167577,"40015,55579,17701,43747,37458,52742,55435,32894,28340,33777"
168260,168260,"15892,41447,41040,39318,41728,16112,19160,60363,28340,60112"
168512,168512,"40015,55579,17701,43747,37458,52742,55435,32894,28340,33777"
168863,168863,"40015,55579,17701,43747,37458,52742,55435,32894,28340,33777"
169287,169287,"40015,55579,17701,43747,37458,52742,55435,32894,28340,33777"
169298,169298,"40015,55579,17701,43747,37458,52742,55435,32894,28340,33777"
169310,169310,"40015,55579,17701,43747,37458,52742,55435,32894,28340,33777"
169443,169443,"40015,55579,17701,43747,37458,52742,55435,32894,28340,33777"
170082,170082,"40015,55579,17701,43747,37458,52742,55435,32894,28340,33777"
170272,170272,"40015,55579,17701,43747,37458,52742,55435,32894,28340,33777"
170303,170303,"40015,55579,17701,43747,37458,52742,55435,32894,28340,33777"
170637,170637,"40015,55579,17701,43747,37458,52742,55435,32894,28340,33777"
170720,170720,"40015,55579,17701,43747,37458,52742,55435,32894,28340,33777"
170917,170917,"20219,44437,6437,44215,242,40015,52879,30802,26581,8687"
171125,171125,"40015,55579,17701,43747,37458,52742,55435,32894,28340,33777"
171705,171705,"40015,55579,17701,43747,37458,52742,55435,32894,28340,33777"
171815,171815,"40015,55579,17701,43747,37458,52742,55435,32894,28340,33777"
172127,172127,"40015,55579,17701,43747,37458,52742,55435,32894,28340,33777"
172469,172469,"40015,55579,17701,43747,37458,52742,55435,32894,28340,33777"
173006,173006,"40015,55579,17701,43747,37458,52742,55435,32894,28340,33777"
173450,173450,"40015,55579,17701,43747,37458,52742,55435,32894,28340,33777"
174444,174444,"40015,55579,17701,43747,37458,52742,55435,32894,28340,33777"
174893,174893,"40015,55579,17701,43747,37458,52742,55435,32894,28340,33777"
175134,175134,"40015,55579,17701,43747,37458,52742,55435,32894,28340,33777"
175323,175323,"40015,55579,17701,43747,37458,52742,55435,32894,28340,33777"
175508,175508,"40015,55579,17701,43747,37458,52742,55435,32894,28340,33777"
176173,176173,"40015,55579,17701,43747,37458,52742,55435,32894,28340,33777"
177089,177089,"40015,55579,17701,43747,37458,52742,55435,32894,28340,33777"
177293,177293,"40015,55579,17701,43747,37458,52742,55435,32894,28340,33777"
178058,178058,"40015,55579,17701,43747,37458,52742,55435,32894,28340,33777"
178582,178582,"40015,55579,17701,43747,37458,52742,55435,32894,28340,33777"
178761,178761,"40015,55579,17701,43747,37458,52742,55435,32894,28340,33777"
179027,179027,"40015,55579,17701,43747,37458,52742,55435,32894,28340,33777"
179474,179474,"40015,55579,17701,43747,37458,52742,55435,32894,28340,33777"
179686,179686,"40015,55579,17701,43747,37458,52742,55435,32894,28340,33777"
180490,180490,"40015,55579,17701,43747,37458,52742,55435,32894,28340,33777"
180779,180779,"40015,55579,17701,43747,37458,52742,55435,32894,28340,33777"
180877,180877,"40015,55579,17701,43747,37458,52742,55435,32894,28340,33777"
180931,180931,"40015,55579,17701,43747,37458,52742,55435,32894,28340,33777"
181314,181314,"40015,55579,17701,43747,37458,52742,55435,32894,28340,33777"
182094,182094,"40015,55579,17701,43747,37458,52742,55435,32894,28340,33777"
182401,182401,"40015,55579,17701,43747,37458,52742,55435,32894,28340,33777"
182612,182612,"40015,55579,17701,43747,37458,52742,55435,32894,28340,33777"
182895,182895,"40015,55579,17701,43747,37458,52742,55435,32894,28340,33777"
183054,183054,"40015,55579,17701,43747,37458,52742,55435,32894,28340,33777"
183895,183895,"40015,55579,17701,43747,37458,52742,55435,32894,28340,33777"
184022,184022,"40015,55579,17701,43747,37458,52742,55435,32894,28340,33777"
184591,184591,"40015,55579,17701,43747,37458,52742,55435,32894,28340,33777"
184625,184625,"40015,55579,17701,43747,37458,52742,55435,32894,28340,33777"
184671,184671,"40015,55579,17701,43747,37458,52742,55435,32894,28340,33777"
184771,184771,"40015,55579,17701,43747,37458,52742,55435,32894,28340,33777"
185059,185059,"40015,55579,17701,43747,37458,52742,55435,32894,28340,33777"
185629,185629,"40015,55579,17701,43747,37458,52742,55435,32894,28340,33777"
186062,186062,"40015,55579,17701,43747,37458,52742,55435,32894,28340,33777"
186410,186410,"40015,55579,17701,43747,37458,52742,55435,32894,28340,33777"
186417,186417,"40015,55579,17701,43747,37458,52742,55435,32894,28340,33777"
186501,186501,"40015,55579,17701,43747,37458,52742,55435,32894,28340,33777"
186565,186565,"40015,55579,17701,43747,37458,52742,55435,32894,28340,33777"
186586,186586,"40015,55579,17701,43747,37458,52742,55435,32894,28340,33777"
186673,186673,"40015,55579,17701,43747,37458,52742,55435,32894,28340,33777"
186846,186846,"40015,55579,17701,43747,37458,52742,55435,32894,28340,33777"
187546,187546,"50210,41103,3485,7114,30368,22857,32465,20266,10828,49737"
187931,187931,"40015,55579,17701,43747,37458,52742,55435,32894,28340,33777"
188427,188427,"40015,55579,17701,43747,37458,52742,55435,32894,28340,33777"
188702,188702,"40015,55579,17701,43747,37458,52742,55435,32894,28340,33777"
188854,188854,"40015,55579,17701,43747,37458,52742,55435,32894,28340,33777"
189178,189178,"40015,55579,17701,43747,37458,52742,55435,32894,28340,33777"
189526,189526,"40015,55579,17701,43747,37458,52742,55435,32894,28340,33777"
190208,190208,"40015,55579,17701,43747,37458,52742,55435,32894,28340,33777"
190747,190747,"40015,55579,17701,43747,37458,52742,55435,32894,28340,33777"
190819,190819,"40015,55579,17701,43747,37458,52742,55435,32894,28340,33777"
191350,191350,"40015,55579,17701,43747,37458,52742,55435,32894,28340,33777"
191485,191485,"40015,55579,17701,43747,37458,52742,55435,32894,28340,33777"
192407,192407,"40015,55579,17701,43747,37458,52742,55435,32894,28340,33777"
192867,192867,"40015,55579,17701,43747,37458,52742,55435,32894,28340,33777"
193101,193101,"40015,55579,17701,43747,37458,52742,55435,32894,28340,33777"
193265,193265,"40015,55579,17701,43747,37458,52742,55435,32894,28340,33777"
193386,193386,"40015,55579,17701,43747,37458,52742,55435,32894,28340,33777"
194000,194000,"40015,55579,17701,43747,37458,52742,55435,32894,28340,33777"
195019,195019,"40015,55579,17701,43747,37458,52742,55435,32894,28340,33777"
195373,195373,"40015,55579,17701,43747,37458,52742,55435,32894,28340,33777"
195628,195628,"40015,55579,17701,43747,37458,52742,55435,32894,28340,33777"
196067,196067,"40015,55579,17701,43747,37458,52742,55435,32894,28340,33777"
197504,197504,"40015,55579,17701,43747,37458,52742,55435,32894,28340,33777"
198703,198703,"40015,55579,17701,43747,37458,52742,55435,32894,28340,33777"
198779,198779,"40015,55579,17701,43747,37458,52742,55435,32894,28340,33777"
198848,198848,"40015,55579,17701,43747,37458,52742,55435,32894,28340,33777"
199084,199084,"40015,55579,17701,43747,37458,52742,55435,32894,28340,33777"
199174,199174,"40015,55579,17701,43747,37458,52742,55435,32894,28340,33777"
199854,199854,"40015,55579,17701,43747,37458,52742,55435,32894,28340,33777"
199887,199887,"40015,55579,17701,43747,37458,52742,55435,32894,28340,33777"
200098,200098,"40015,55579,17701,43747,37458,52742,55435,32894,28340,33777"
200347,200347,"40015,55579,17701,43747,37458,52742,55435,32894,28340,33777"
200395,200395,"40015,55579,17701,43747,37458,52742,55435,32894,28340,33777"
200784,200784,"40015,55579,17701,43747,37458,52742,55435,32894,28340,33777"
201062,201062,"40015,55579,17701,43747,37458,52742,55435,32894,28340,33777"
201233,201233,"40015,55579,17701,43747,37458,52742,55435,32894,28340,33777"
201777,201777,"40015,55579,17701,43747,37458,52742,55435,32894,28340,33777"
201782,201782,"40015,55579,17701,43747,37458,52742,55435,32894,28340,33777"
202079,202079,"40015,55579,17701,43747,37458,52742,55435,32894,28340,33777"
202459,202459,"40015,55579,17701,43747,37458,52742,55435,32894,28340,33777"
202704,202704,"40015,55579,17701,43747,37458,52742,55435,32894,28340,33777"
202758,202758,"40015,55579,17701,43747,37458,52742,55435,32894,28340,33777"
202877,202877,"40015,55579,17701,43747,37458,52742,55435,32894,28340,33777"
203533,203533,"40015,55579,17701,43747,37458,52742,55435,32894,28340,33777"
203934,203934,"40015,55579,17701,43747,37458,52742,55435,32894,28340,33777"
203963,203963,"40015,55579,17701,43747,37458,52742,55435,32894,28340,33777"
204103,204103,"28340,20266,64876,25501,45610,26592,44701,28344,24185,55397"
204424,204424,"40015,55579,17701,43747,37458,52742,55435,32894,28340,33777"
204766,204766,"40015,55579,17701,43747,37458,52742,55435,32894,28340,33777"
205235,205235,"40015,55579,17701,43747,37458,52742,55435,32894,28340,33777"
206207,206207,"56702,40015,28856,10175,52879,4256,29848,26741,48648,50210"
206218,206218,"40015,55579,17701,43747,37458,52742,55435,32894,28340,33777"
206778,206778,"40015,55579,17701,43747,37458,52742,55435,32894,28340,33777"
208037,208037,"40015,55579,17701,43747,37458,52742,55435,32894,28340,33777"
208439,208439,"40015,55579,17701,43747,37458,52742,55435,32894,28340,33777"
208664,208664,"40015,55579,17701,43747,37458,52742,55435,32894,28340,33777"
209698,209698,"43846,15102,36289,8880,26286,19848,37458,44124,13409,2425"
209706,209706,"40015,55579,17701,43747,37458,52742,55435,32894,28340,33777"
209746,209746,"40015,55579,17701,43747,37458,52742,55435,32894,28340,33777"
209943,209943,"40015,55579,17701,43747,37458,52742,55435,32894,28340,33777"
210351,210351,"40015,55579,17701,43747,37458,52742,55435,32894,28340,33777"
210414,210414,"40015,55579,17701,43747,37458,52742,55435,32894,28340,33777"
211191,211191,"40015,55579,17701,43747,37458,52742,55435,32894,28340,33777"
211222,211222,"40015,55579,17701,43747,37458,52742,55435,32894,28340,33777"
211335,211335,"40015,55579,17701,43747,37458,52742,55435,32894,28340,33777"
212056,212056,"40015,55579,17701,43747,37458,52742,55435,32894,28340,33777"
212113,212113,"40015,55579,17701,43747,37458,52742,55435,32894,28340,33777"
212263,212263,"40015,55579,17701,43747,37458,52742,55435,32894,28340,33777"
212410,212410,"40015,55579,17701,43747,37458,52742,55435,32894,28340,33777"
212619,212619,"40015,55579,17701,43747,37458,52742,55435,32894,28340,33777"
213354,213354,"40015,55579,17701,43747,37458,52742,55435,32894,28340,33777"
213367,213367,"40015,55579,17701,43747,37458,52742,55435,32894,28340,33777"
213622,213622,"40015,55579,17701,43747,37458,52742,55435,32894,28340,33777"
213875,213875,"40015,55579,17701,43747,37458,52742,55435,32894,28340,33777"
214168,214168,"40015,55579,17701,43747,37458,52742,55435,32894,28340,33777"
214404,214404,"40015,55579,17701,43747,37458,52742,55435,32894,28340,33777"
215504,215504,"40015,55579,17701,43747,37458,52742,55435,32894,28340,33777"
215624,215624,"40015,55579,17701,43747,37458,52742,55435,32894,28340,33777"
215793,215793,"40015,55579,17701,43747,37458,52742,55435,32894,28340,33777"
215910,215910,"40015,55579,17701,43747,37458,52742,55435,32894,28340,33777"
216233,216233,"40015,55579,17701,43747,37458,52742,55435,32894,28340,33777"
216931,216931,"40015,55579,17701,43747,37458,52742,55435,32894,28340,33777"
217215,217215,"40015,55579,17701,43747,37458,52742,55435,32894,28340,33777"
217378,217378,"40015,55579,17701,43747,37458,52742,55435,32894,28340,33777"
217387,217387,"40015,55579,17701,43747,37458,52742,55435,32894,28340,33777"
217546,217546,"40015,55579,17701,43747,37458,52742,55435,32894,28340,33777"
218052,218052,"40015,55579,17701,43747,37458,52742,55435,32894,28340,33777"
218187,218187,"40015,55579,17701,43747,37458,52742,55435,32894,28340,33777"
218486,218486,"40015,55579,17701,43747,37458,52742,55435,32894,28340,33777"
218721,218721,"40015,55579,17701,43747,37458,52742,55435,32894,28340,33777"
219212,219212,"40015,55579,17701,43747,37458,52742,55435,32894,28340,33777"
219397,219397,"40015,55579,17701,43747,37458,52742,55435,32894,28340,33777"
219697,219697,"40015,55579,17701,43747,37458,52742,55435,32894,28340,33777"
220075,220075,"40015,55579,17701,43747,37458,52742,55435,32894,28340,33777"
220481,220481,"40015,55579,17701,43747,37458,52742,55435,32894,28340,33777"
220664,220664,"40015,55579,17701,43747,37458,52742,55435,32894,28340,33777"
221434,221434,"40015,55579,17701,43747,37458,52742,55435,32894,28340,33777"
221484,221484,"40015,55579,17701,43747,37458,52742,55435,32894,28340,33777"
221833,221833,"40015,55579,17701,43747,37458,52742,55435,32894,28340,33777"
221869,221869,"40015,55579,17701,43747,37458,52742,55435,32894,28340,33777"
222160,222160,"40015,55579,17701,43747,37458,52742,55435,32894,28340,33777"
222290,222290,"40015,55579,17701,43747,37458,52742,55435,32894,28340,33777"
222509,222509,"40015,55579,17701,43747,37458,52742,55435,32894,28340,33777"
222541,222541,"40015,55579,17701,43747,37458,52742,55435,32894,28340,33777"
223012,223012,"40015,55579,17701,43747,37458,52742,55435,32894,28340,33777"
223079,223079,"40015,55579,17701,43747,37458,52742,55435,32894,28340,33777"
223092,223092,"40015,55579,17701,43747,37458,52742,55435,32894,28340,33777"
223109,223109,"40015,55579,17701,43747,37458,52742,55435,32894,28340,33777"
223578,223578,"40015,55579,17701,43747,37458,52742,55435,32894,28340,33777"
223863,223863,"40015,55579,17701,43747,37458,52742,55435,32894,28340,33777"
223976,223976,"40015,55579,17701,43747,37458,52742,55435,32894,28340,33777"
224041,224041,"40015,55579,17701,43747,37458,52742,55435,32894,28340,33777"
224048,224048,"40015,55579,17701,43747,37458,52742,55435,32894,28340,33777"
224661,224661,"40015,55579,17701,43747,37458,52742,55435,32894,28340,33777"
225149,225149,"40015,55579,17701,43747,37458,52742,55435,32894,28340,33777"
225281,225281,"40015,55579,17701,43747,37458,52742,55435,32894,28340,33777"
225317,225317,"40015,55579,17701,43747,37458,52742,55435,32894,28340,33777"
226227,226227,"40015,55579,17701,43747,37458,52742,55435,32894,28340,33777"
226627,226627,"43747,14450,32718,38213,30446,13067,24990,6171,62847,41374"
226972,226972,"40015,55579,17701,43747,37458,52742,55435,32894,28340,33777"
227022,227022,"40015,55579,17701,43747,37458,52742,55435,32894,28340,33777"
227448,227448,"40015,55579,17701,43747,37458,52742,55435,32894,28340,33777"
227683,227683,"4872,20722,1338,20275,29627,37458,1343,3485,6182,23513"
227817,227817,"40015,55579,17701,43747,37458,52742,55435,32894,28340,33777"
229142,229142,"40015,55579,17701,43747,37458,52742,55435,32894,28340,33777"
229212,229212,"40015,55579,17701,43747,37458,52742,55435,32894,28340,33777"
229558,229558,"40015,55579,17701,43747,37458,52742,55435,32894,28340,33777"
229789,229789,"40015,55579,17701,43747,37458,52742,55435,32894,28340,33777"
230068,230068,"40015,55579,17701,43747,37458,52742,55435,32894,28340,33777"
230081,230081,"40015,55579,17701,43747,37458,52742,55435,32894,28340,33777"
230139,230139,"42345,39556,15519,52879,49375,48648,5995,35761,23889,10481"
230160,230160,"40015,55579,17701,43747,37458,52742,55435,32894,28340,33777"
230169,230169,"40015,55579,17701,43747,37458,52742,55435,32894,28340,33777"
230641,230641,"40015,55579,17701,43747,37458,52742,55435,32894,28340,33777"
230787,230787,"40015,55579,17701,43747,37458,52742,55435,32894,28340,33777"
230953,230953,"40015,55579,17701,43747,37458,52742,55435,32894,28340,33777"
231157,231157,"40015,55579,17701,43747,37458,52742,55435,32894,28340,33777"
231254,231254,"40015,55579,17701,43747,37458,52742,55435,32894,28340,33777"
231284,231284,"40015,55579,17701,43747,37458,52742,55435,32894,28340,33777"
232083,232083,"40015,55579,17701,43747,37458,52742,55435,32894,28340,33777"
232938,232938,"40015,55579,17701,43747,37458,52742,55435,32894,28340,33777"
233077,233077,"40015,55579,17701,43747,37458,52742,55435,32894,28340,33777"
234427,234427,"40015,55579,17701,43747,37458,52742,55435,32894,28340,33777"
234433,234433,"40015,55579,17701,43747,37458,52742,55435,32894,28340,33777"
235062,235062,"40015,55579,17701,43747,37458,52742,55435,32894,28340,33777"
235089,235089,"40015,55579,17701,43747,37458,52742,55435,32894,28340,33777"
235299,235299,"40015,55579,17701,43747,37458,52742,55435,32894,28340,33777"
236155,236155,"40015,55579,17701,43747,37458,52742,55435,32894,28340,33777"
236230,236230,"40015,55579,17701,43747,37458,52742,55435,32894,28340,33777"
236586,236586,"40015,55579,17701,43747,37458,52742,55435,32894,28340,33777"
237764,237764,"40015,55579,17701,43747,37458,52742,55435,32894,28340,33777"
237902,237902,"40015,55579,17701,43747,37458,52742,55435,32894,28340,33777"
238553,238553,"40015,55579,17701,43747,37458,52742,55435,32894,28340,33777"
239091,239091,"40015,55579,17701,43747,37458,52742,55435,32894,28340,33777"
239140,239140,"40015,55579,17701,43747,37458,52742,55435,32894,28340,33777"
239970,239970,"40015,55579,17701,43747,37458,52742,55435,32894,28340,33777"
239971,239971,"40015,55579,17701,43747,37458,52742,55435,32894,28340,33777"
240067,240067,"40015,55579,17701,43747,37458,52742,55435,32894,28340,33777"
240399,240399,"40015,55579,17701,43747,37458,52742,55435,32894,28340,33777"
240705,240705,"40015,55579,17701,43747,37458,52742,55435,32894,28340,33777"
241036,241036,"40015,55579,17701,43747,37458,52742,55435,32894,28340,33777"
241104,241104,"9755,56310,41666,26708,59867,48486,62268,63144,18022,10483"
241240,241240,"40015,55579,17701,43747,37458,52742,55435,32894,28340,33777"
241861,241861,"40015,55579,17701,43747,37458,52742,55435,32894,28340,33777"
242783,242783,"40015,55579,17701,43747,37458,52742,55435,32894,28340,33777"
243016,243016,"40015,55579,17701,43747,37458,52742,55435,32894,28340,33777"
243126,243126,"40015,55579,17701,43747,37458,52742,55435,32894,28340,33777"
243160,243160,"40015,55579,17701,43747,37458,52742,55435,32894,28340,33777"
243361,243361,"40015,55579,17701,43747,37458,52742,55435,32894,28340,33777"
243763,243763,"40015,55579,17701,43747,37458,52742,55435,32894,28340,33777"
243904,243904,"40015,55579,17701,43747,37458,52742,55435,32894,28340,33777"
244214,244214,"40015,55579,17701,43747,37458,52742,55435,32894,28340,33777"
244716,244716,"40015,55579,17701,43747,37458,52742,55435,32894,28340,33777"
245317,245317,"40015,55579,17701,43747,37458,52742,55435,32894,28340,33777"
245752,245752,"17910,14864,11521,812,24591,9567,14677,1073,33418,25017"
246626,246626,"40015,55579,17701,43747,37458,52742,55435,32894,28340,33777"
246721,246721,"40015,55579,17701,43747,37458,52742,55435,32894,28340,33777"
246951,246951,"40015,55579,17701,43747,37458,52742,55435,32894,28340,33777"
247019,247019,"40015,55579,17701,43747,37458,52742,55435,32894,28340,33777"
247070,247070,"40015,55579,17701,43747,37458,52742,55435,32894,28340,33777"
247619,247619,"40015,55579,17701,43747,37458,52742,55435,32894,28340,33777"
248088,248088,"40015,55579,17701,43747,37458,52742,55435,32894,28340,33777"
248851,248851,"40015,55579,17701,43747,37458,52742,55435,32894,28340,33777"
249771,249771,"40015,55579,17701,43747,37458,52742,55435,32894,28340,33777"
249824,249824,"40015,55579,17701,43747,37458,52742,55435,32894,28340,33777"
250206,250206,"40015,55579,17701,43747,37458,52742,55435,32894,28340,33777"
250503,250503,"40015,55579,17701,43747,37458,52742,55435,32894,28340,33777"
250594,250594,"40015,55579,17701,43747,37458,52742,55435,32894,28340,33777"
250895,250895,"40015,55579,17701,43747,37458,52742,55435,32894,28340,33777"
251101,251101,"40015,55579,17701,43747,37458,52742,55435,32894,28340,33777"
251383,251383,"40015,55579,17701,43747,37458,52742,55435,32894,28340,33777"
251387,251387,"40015,55579,17701,43747,37458,52742,55435,32894,28340,33777"
251649,251649,"40015,55579,17701,43747,37458,52742,55435,32894,28340,33777"
251768,251768,"40015,55579,17701,43747,37458,52742,55435,32894,28340,33777"
252324,252324,"40015,55579,17701,43747,37458,52742,55435,32894,28340,33777"
252702,252702,"40015,55579,17701,43747,37458,52742,55435,32894,28340,33777"
253294,253294,"40015,55579,17701,43747,37458,52742,55435,32894,28340,33777"
253425,253425,"40015,55579,17701,43747,37458,52742,55435,32894,28340,33777"
253858,253858,"40015,55579,17701,43747,37458,52742,55435,32894,28340,33777"
253923,253923,"40015,55579,17701,43747,37458,52742,55435,32894,28340,33777"
254163,254163,"4503,45831,14450,52907,8955,63844,16691,8077,15892,37458"
255499,255499,"40015,55579,17701,43747,37458,52742,55435,32894,28340,33777"
256088,256088,"40015,55579,17701,43747,37458,52742,55435,32894,28340,33777"
256326,256326,"40015,55579,17701,43747,37458,52742,55435,32894,28340,33777"
256790,256790,"13960,7346,12280,8465,9638,56632,46810,61893,53632,63309"
257225,257225,"40015,55579,17701,43747,37458,52742,55435,32894,28340,33777"
257370,257370,"40015,55579,17701,43747,37458,52742,55435,32894,28340,33777"
257767,257767,"40015,55579,17701,43747,37458,52742,55435,32894,28340,33777"
257790,257790,"40015,55579,17701,43747,37458,52742,55435,32894,28340,33777"
257797,257797,"40015,55579,17701,43747,37458,52742,55435,32894,28340,33777"
257872,257872,"40015,55579,17701,43747,37458,52742,55435,32894,28340,33777"
257984,257984,"40015,55579,17701,43747,37458,52742,55435,32894,28340,33777"
258196,258196,"40015,55579,17701,43747,37458,52742,55435,32894,28340,33777"
258318,258318,"40015,55579,17701,43747,37458,52742,55435,32894,28340,33777"
258774,258774,"40015,55579,17701,43747,37458,52742,55435,32894,28340,33777"
259089,259089,"40015,55579,17701,43747,37458,52742,55435,32894,28340,33777"
259659,259659,"40015,55579,17701,43747,37458,52742,55435,32894,28340,33777"
259716,259716,"33977,35304,60083,60629,44698,33919,36985,6164,39570,15704"
260727,260727,"40015,55579,17701,43747,37458,52742,55435,32894,28340,33777"
260969,260969,"40015,55579,17701,43747,37458,52742,55435,32894,28340,33777"
261281,261281,"40015,55579,17701,43747,37458,52742,55435,32894,28340,33777"
261427,261427,"40015,55579,17701,43747,37458,52742,55435,32894,28340,33777"
261566,261566,"40015,55579,17701,43747,37458,52742,55435,32894,28340,33777"
262161,262161,"40015,55579,17701,43747,37458,52742,55435,32894,28340,33777"
262588,262588,"40015,55579,17701,43747,37458,52742,55435,32894,28340,33777"
263157,263157,"40015,55579,17701,43747,37458,52742,55435,32894,28340,33777"
265621,265621,"46102,25992,14875,49737,52742,45366,23876,52946,33919,61363"
265797,265797,"40015,55579,17701,43747,37458,52742,55435,32894,28340,33777"
265948,265948,"40015,55579,17701,43747,37458,52742,55435,32894,28340,33777"
266772,266772,"40015,55579,17701,43747,37458,52742,55435,32894,28340,33777"
266781,266781,"40015,55579,17701,43747,37458,52742,55435,32894,28340,33777"
267245,267245,"40015,55579,17701,43747,37458,52742,55435,32894,28340,33777"
267355,267355,"40015,55579,17701,43747,37458,52742,55435,32894,28340,33777"
267363,267363,"40015,55579,17701,43747,37458,52742,55435,32894,28340,33777"
267517,267517,"40015,55579,17701,43747,37458,52742,55435,32894,28340,33777"
268334,268334,"40015,55579,17701,43747,37458,52742,55435,32894,28340,33777"
268407,268407,"40015,55579,17701,43747,37458,52742,55435,32894,28340,33777"
268500,268500,"58181,30821,13739,56593,26581,26447,36048,26273,49884,49737"
268839,268839,"40015,55579,17701,43747,37458,52742,55435,32894,28340,33777"
269034,269034,"40015,55579,17701,43747,37458,52742,55435,32894,28340,33777"
271578,271578,"40015,55579,17701,43747,37458,52742,55435,32894,28340,33777"
271757,271757,"40015,55579,17701,43747,37458,52742,55435,32894,28340,33777"
272173,272173,"40015,55579,17701,43747,37458,52742,55435,32894,28340,33777"
272198,272198,"40015,55579,17701,43747,37458,52742,55435,32894,28340,33777"
272678,272678,"40015,55579,17701,43747,37458,52742,55435,32894,28340,33777"
272900,272900,"40015,55579,17701,43747,37458,52742,55435,32894,28340,33777"
273464,273464,"40015,55579,17701,43747,37458,52742,55435,32894,28340,33777"
274387,274387,"40015,55579,17701,43747,37458,52742,55435,32894,28340,33777"
274681,274681,"40015,55579,17701,43747,37458,52742,55435,32894,28340,33777"
274787,274787,"40015,55579,17701,43747,37458,52742,55435,32894,28340,33777"
275440,275440,"40015,55579,17701,43747,37458,52742,55435,32894,28340,33777"
275807,275807,"40015,55579,17701,43747,37458,52742,55435,32894,28340,33777"
276067,276067,"40015,55579,17701,43747,37458,52742,55435,32894,28340,33777"
276454,276454,"40015,55579,17701,43747,37458,52742,55435,32894,28340,33777"
276754,276754,"40015,55579,17701,43747,37458,52742,55435,32894,28340,33777"
277105,277105,"40015,55579,17701,43747,37458,52742,55435,32894,28340,33777"
277404,277404,"40015,55579,17701,43747,37458,52742,55435,32894,28340,33777"
277435,277435,"40015,55579,17701,43747,37458,52742,55435,32894,28340,33777"
277583,277583,"40015,55579,17701,43747,37458,52742,55435,32894,28340,33777"
277756,277756,"40015,55579,17701,43747,37458,52742,55435,32894,28340,33777"
277943,277943,"40015,55579,17701,43747,37458,52742,55435,32894,28340,33777"
278150,278150,"40015,55579,17701,43747,37458,52742,55435,32894,28340,33777"
278359,278359,"40015,55579,17701,43747,37458,52742,55435,32894,28340,33777"
278586,278586,"40015,55579,17701,43747,37458,52742,55435,32894,28340,33777"
279235,279235,"40015,55579,17701,43747,37458,52742,55435,32894,28340,33777"
279512,279512,"40015,55579,17701,43747,37458,52742,55435,32894,28340,33777"
279614,279614,"40015,55579,17701,43747,37458,52742,55435,32894,28340,33777"
279777,279777,"40015,55579,17701,43747,37458,52742,55435,32894,28340,33777"
279901,279901,"40015,55579,17701,43747,37458,52742,55435,32894,28340,33777"
280250,280250,"40015,55579,17701,43747,37458,52742,55435,32894,28340,33777"
280338,280338,"40015,55579,17701,43747,37458,52742,55435,32894,28340,33777"
281507,281507,"40015,55579,17701,43747,37458,52742,55435,32894,28340,33777"
281843,281843,"40015,55579,17701,43747,37458,52742,55435,32894,28340,33777"
282002,282002,"40015,55579,17701,43747,37458,52742,55435,32894,28340,33777"
282166,282166,"40015,55579,17701,43747,37458,52742,55435,32894,28340,33777"
284189,284189,"40015,55579,17701,43747,37458,52742,55435,32894,28340,33777"
285510,285510,"40015,55579,17701,43747,37458,52742,55435,32894,28340,33777"
285875,285875,"40015,55579,17701,43747,37458,52742,55435,32894,28340,33777"
285934,285934,"40015,55579,17701,43747,37458,52742,55435,32894,28340,33777"
286491,286491,"40015,55579,17701,43747,37458,52742,55435,32894,28340,33777"
286856,286856,"40015,55579,17701,43747,37458,52742,55435,32894,28340,33777"
286962,286962,"40015,55579,17701,43747,37458,52742,55435,32894,28340,33777"
287100,287100,"40015,55579,17701,43747,37458,52742,55435,32894,28340,33777"
287513,287513,"40015,55579,17701,43747,37458,52742,55435,32894,28340,33777"
287536,287536,"40015,55579,17701,43747,37458,52742,55435,32894,28340,33777"
288059,288059,"40015,55579,17701,43747,37458,52742,55435,32894,28340,33777"
288495,288495,"40015,55579,17701,43747,37458,52742,55435,32894,28340,33777"
288583,288583,"40015,55579,17701,43747,37458,52742,55435,32894,28340,33777"
288765,288765,"40015,55579,17701,43747,37458,52742,55435,32894,28340,33777"
288809,288809,"40015,55579,17701,43747,37458,52742,55435,32894,28340,33777"
288956,288956,"40015,55579,17701,43747,37458,52742,55435,32894,28340,33777"
290428,290428,"40015,55579,17701,43747,37458,52742,55435,32894,28340,33777"
291023,291023,"40015,55579,17701,43747,37458,52742,55435,32894,28340,33777"
291872,291872,"40015,55579,17701,43747,37458,52742,55435,32894,28340,33777"
292364,292364,"40015,55579,17701,43747,37458,52742,55435,32894,28340,33777"
292387,292387,"40015,55579,17701,43747,37458,52742,55435,32894,28340,33777"
292456,292456,"40015,55579,17701,43747,37458,52742,55435,32894,28340,33777"
292531,292531,"40015,55579,17701,43747,37458,52742,55435,32894,28340,33777"
292892,292892,"40015,55579,17701,43747,37458,52742,55435,32894,28340,33777"
293001,293001,"40015,55579,17701,43747,37458,52742,55435,32894,28340,33777"
293603,293603,"40015,55579,17701,43747,37458,52742,55435,32894,28340,33777"
293844,293844,"40015,55579,17701,43747,37458,52742,55435,32894,28340,33777"
294133,294133,"64742,56688,60639,63844,36011,23571,55100,22572,11450,9411"
294429,294429,"40015,55579,17701,43747,37458,52742,55435,32894,28340,33777"
294450,294450,"40015,55579,17701,43747,37458,52742,55435,32894,28340,33777"
294601,294601,"40015,55579,17701,43747,37458,52742,55435,32894,28340,33777"
294766,294766,"40015,55579,17701,43747,37458,52742,55435,32894,28340,33777"
295074,295074,"40015,55579,17701,43747,37458,52742,55435,32894,28340,33777"
295274,295274,"40015,55579,17701,43747,37458,52742,55435,32894,28340,33777"
297085,297085,"40015,55579,17701,43747,37458,52742,55435,32894,28340,33777"
297200,297200,"40015,55579,17701,43747,37458,52742,55435,32894,28340,33777"
297844,297844,"40015,55579,17701,43747,37458,52742,55435,32894,28340,33777"
299012,299012,"40015,55579,17701,43747,37458,52742,55435,32894,28340,33777"
299074,299074,"40015,55579,17701,43747,37458,52742,55435,32894,28340,33777"
299249,299249,"40015,55579,17701,43747,37458,52742,55435,32894,28340,33777"
299294,299294,"40015,55579,17701,43747,37458,52742,55435,32894,28340,33777"
299476,299476,"40015,55579,17701,43747,37458,52742,55435,32894,28340,33777"
299739,299739,"40015,55579,17701,43747,37458,52742,55435,32894,28340,33777"
300269,300269,"40015,55579,17701,43747,37458,52742,55435,32894,28340,33777"
300617,300617,"40015,55579,17701,43747,37458,52742,55435,32894,28340,33777"
302027,302027,"40015,55579,17701,43747,37458,52742,55435,32894,28340,33777"
302734,302734,"40015,55579,17701,43747,37458,52742,55435,32894,28340,33777"
302749,302749,"40015,55579,17701,43747,37458,52742,55435,32894,28340,33777"
302827,302827,"40015,55579,17701,43747,37458,52742,55435,32894,28340,33777"
302869,302869,"40015,55579,17701,43747,37458,52742,55435,32894,28340,33777"
303624,303624,"40015,55579,17701,43747,37458,52742,55435,32894,28340,33777"
304249,304249,"40015,55579,17701,43747,37458,52742,55435,32894,28340,33777"
304344,304344,"40015,55579,17701,43747,37458,52742,55435,32894,28340,33777"
304566,304566,"40015,55579,17701,43747,37458,52742,55435,32894,28340,33777"
305234,305234,"40015,55579,17701,43747,37458,52742,55435,32894,28340,33777"
305740,305740,"40015,55579,17701,43747,37458,52742,55435,32894,28340,33777"
306146,306146,"40015,55579,17701,43747,37458,52742,55435,32894,28340,33777"
306308,306308,"40015,55579,17701,43747,37458,52742,55435,32894,28340,33777"
306692,306692,"40015,55579,17701,43747,37458,52742,55435,32894,28340,33777"
306989,306989,"40015,55579,17701,43747,37458,52742,55435,32894,28340,33777"
307108,307108,"40015,55579,17701,43747,37458,52742,55435,32894,28340,33777"
307495,307495,"40015,55579,17701,43747,37458,52742,55435,32894,28340,33777"
307637,307637,"40015,55579,17701,43747,37458,52742,55435,32894,28340,33777"
307669,307669,"40015,55579,17701,43747,37458,52742,55435,32894,28340,33777"
308254,308254,"40015,55579,17701,43747,37458,52742,55435,32894,28340,33777"
308551,308551,"23571,49737,63146,40015,18885,7193,46353,48648,29727,27674"
308805,308805,"40015,55579,17701,43747,37458,52742,55435,32894,28340,33777"
309506,309506,"15102,53447,34345,3485,40015,3453,35761,56099,10618,62481"
309594,309594,"40015,55579,17701,43747,37458,52742,55435,32894,28340,33777"
309777,309777,"40015,55579,17701,43747,37458,52742,55435,32894,28340,33777"
310087,310087,"40015,55579,17701,43747,37458,52742,55435,32894,28340,33777"
310171,310171,"40015,55579,17701,43747,37458,52742,55435,32894,28340,33777"
310215,310215,"40015,3453,55397,35761,43747,49737,11809,54294,43884,17996"
310217,310217,"40015,55579,17701,43747,37458,52742,55435,32894,28340,33777"
310925,310925,"40015,55579,17701,43747,37458,52742,55435,32894,28340,33777"
311752,311752,"40015,55579,17701,43747,37458,52742,55435,32894,28340,33777"
312232,312232,"40015,55579,17701,43747,37458,52742,55435,32894,28340,33777"
312362,312362,"40015,55579,17701,43747,37458,52742,55435,32894,28340,33777"
312363,312363,"40015,55579,17701,43747,37458,52742,55435,32894,28340,33777"
312438,312438,"40015,55579,17701,43747,37458,52742,55435,32894,28340,33777"
312583,312583,"40015,55579,17701,43747,37458,52742,55435,32894,28340,33777"
312698,312698,"40015,55579,17701,43747,37458,52742,55435,32894,28340,33777"
313486,313486,"40015,55579,17701,43747,37458,52742,55435,32894,28340,33777"
314436,314436,"40015,55579,17701,43747,37458,52742,55435,32894,28340,33777"
314808,314808,"21426,48588,13133,53632,13960,63391,46810,10182,55100,44369"
314950,314950,"40015,55579,17701,43747,37458,52742,55435,32894,28340,33777"
315077,315077,"40015,55579,17701,43747,37458,52742,55435,32894,28340,33777"
315663,315663,"40015,55579,17701,43747,37458,52742,55435,32894,28340,33777"
316797,316797,"40015,55579,17701,43747,37458,52742,55435,32894,28340,33777"
317430,317430,"40015,55579,17701,43747,37458,52742,55435,32894,28340,33777"
318059,318059,"40015,55579,17701,43747,37458,52742,55435,32894,28340,33777"
318394,318394,"40015,55579,17701,43747,37458,52742,55435,32894,28340,33777"
319548,319548,"40015,55579,17701,43747,37458,52742,55435,32894,28340,33777"
319942,319942,"40015,55579,17701,43747,37458,52742,55435,32894,28340,33777"
320068,320068,"40015,55579,17701,43747,37458,52742,55435,32894,28340,33777"
320221,320221,"40015,55579,17701,43747,37458,52742,55435,32894,28340,33777"
320630,320630,"40015,55579,17701,43747,37458,52742,55435,32894,28340,33777"
320846,320846,"40015,55579,17701,43747,37458,52742,55435,32894,28340,33777"
320984,320984,"40015,55579,17701,43747,37458,52742,55435,32894,28340,33777"
321080,321080,"40015,55579,17701,43747,37458,52742,55435,32894,28340,33777"
321310,321310,"40015,55579,17701,43747,37458,52742,55435,32894,28340,33777"
321542,321542,"40015,55579,17701,43747,37458,52742,55435,32894,28340,33777"
321936,321936,"40015,55579,17701,43747,37458,52742,55435,32894,28340,33777"
321980,321980,"40015,55579,17701,43747,37458,52742,55435,32894,28340,33777"
322774,322774,"40015,55579,17701,43747,37458,52742,55435,32894,28340,33777"
323056,323056,"40015,55579,17701,43747,37458,52742,55435,32894,28340,33777"
323427,323427,"40015,55579,17701,43747,37458,52742,55435,32894,28340,33777"
323497,323497,"50442,63844,14450,31605,30315,48756,49122,57193,54717,49737"
